item,name,party,partyLabel,area,areaLabel,startDate,endDate,gender,psid
Q111841428,Abacar Chande,Q504564,FRELIMO,,,2015-01-12,2020-01-13,male,Q111841428-856571AE-EC23-4D32-8E4E-F6FB7A79540E
Q111841429,Abdala Ossifo Ibraimo,Q1425821,RENAMO,,,2015-01-12,2020-01-13,male,Q111841429-664D2A56-C7BE-4E3A-ACD0-560F59414A24
Q111841432,Abdul Gafur Mamade Hossene Issufo,Q504564,FRELIMO,,,2015-01-12,2020-01-13,male,Q111841432-6CB9409E-1AA4-47B3-8A33-7C9A6AEDDA55
Q111841433,Abiba Aba,Q1425821,RENAMO,,,2015-01-12,2020-01-13,female,Q111841433-7328EB0F-E570-4B49-BC96-A178A49BFFD4
Q111841434,Afonso Januário Bombene,Q504564,FRELIMO,,,2015-01-12,2020-01-13,male,Q111841434-90EC5CA6-3E87-49DB-9E0B-CD963BB157EC
Q111841435,Afonso Lopes Nipero,Q504564,FRELIMO,,,2015-01-12,2020-01-13,male,Q111841435-43BED90D-D137-4E3E-B760-733F6AAFD5E6
Q111841436,Agostinho André Likangóne,Q504564,FRELIMO,,,2015-01-12,2020-01-13,male,Q111841436-F047CA53-41F3-4885-9671-D46EDB7FD687
Q111841437,Agostinho Cosme Manje,Q504564,FRELIMO,,,2015-01-12,2020-01-13,male,Q111841437-061D1D0D-26C7-4785-B161-3F07B13573F4
Q111841438,Agostinho Gomes Chipindula,Q504564,FRELIMO,,,2015-01-12,2020-01-13,male,Q111841438-CA3FCB25-EED3-47E9-AE0F-68D5E1AC846C
Q111841439,Agostinho José Lobato,Q504564,FRELIMO,,,2015-01-12,2020-01-13,male,Q111841439-7B00822A-642D-4DB0-B64E-E2E1EE2EA831
Q111841440,Agostinho Zacarias Vuma,Q504564,FRELIMO,,,2015-01-12,2020-01-13,male,Q111841440-3FE72927-60A5-425E-8C80-2E777E8DD68F
Q111841441,Aida Maria Soares,Q504564,FRELIMO,,,2015-01-12,2020-01-13,female,Q111841441-5E76E82B-98A0-41EA-83E8-3AE4502BF150
Q111841442,Ainca Micusserima Chande,Q1425821,RENAMO,,,2015-01-12,2020-01-13,female,Q111841442-086F8B5E-2992-4A67-9C77-FFC72BC2F826
Q111841443,Aires Bonifácio Baptista Aly,Q504564,FRELIMO,,,2015-01-12,2020-01-13,male,Q111841443-81450026-651A-4CB7-BD9E-3BCAA68BA8EB
Q111841445,Aisácia João Chochoma,Q504564,FRELIMO,,,2015-01-12,2020-01-13,female,Q111841445-86DE8151-CE0F-4540-9E65-DBD1F6B7B611
Q111841446,Albano Bulaunde José,Q1425821,RENAMO,,,2015-01-12,2020-01-13,male,Q111841446-A238E94C-FFA2-4D32-911C-09E57391D946
Q111841447,Albertina Ilda Lino,Q1425821,RENAMO,,,2015-01-12,2020-01-13,female,Q111841447-8133AC20-08EB-4AC0-ADF7-43EF5FF6B8D0
Q111841448,Albertina Jocia,Q1425821,RENAMO,,,2015-01-12,2020-01-13,female,Q111841448-943044D3-ED42-4F39-85BC-2C34D036C115
Q111841449,Albertina Julião Matavele,Q1425821,RENAMO,,,2015-01-12,2020-01-13,female,Q111841449-0649AD6C-0AAF-43AA-8AEA-CF3305957F4D
Q34282,Alberto Clementino António Vaquina,Q504564,FRELIMO,,,2015-01-12,2020-01-13,male,Q34282-C43B7EF7-3684-42D3-89D2-DED2C4256DD9
Q111841450,Alberto Jacinto Nancuta Mtukutuku,Q504564,FRELIMO,,,2015-01-12,2020-01-13,male,Q111841450-48F51B87-2084-4364-A2E0-A58CC4C1BB46
Q4711973,Alberto Joaquim Chipande,Q504564,FRELIMO,,,2015-01-12,2020-01-13,male,Q4711973-EFA0C450-1C00-4D49-949A-ECBFB1F12342
Q111841451,Alberto Jumulate,Q504564,FRELIMO,,,2015-01-12,2020-01-13,male,Q111841451-F1DF9509-6D60-45DB-94B6-6EBCA4627302
Q111841453,Alcina António de Abreu,Q504564,FRELIMO,,,2015-01-12,2020-01-13,female,Q111841453-3078DC9A-9C93-4705-B03D-CCDA2E43BDBE
Q111841454,Alfredo Jame,Q1425821,RENAMO,,,2015-01-12,2020-01-13,male,Q111841454-7D364E70-FA79-43FB-9277-5B4F2E4B6A52
Q111841455,Alfredo Tomás Magumisse,Q1425821,RENAMO,,,2015-01-12,2020-01-13,male,Q111841455-C8323B61-8BD3-458C-B727-855D58E5A823
Q111841456,Alice Caetano Tomás,Q504564,FRELIMO,,,2015-01-12,2020-01-13,female,Q111841456-25A081D6-CCAE-4079-A41B-BD62F53CBDC1
Q111841457,Almina Manuel Monteiro,Q504564,FRELIMO,,,2015-01-12,2020-01-13,female,Q111841457-63A9F832-F9E1-4F15-A8CF-EF8829F826A8
Q111841458,Alves Jordão Zita,Q504564,FRELIMO,,,2015-01-12,2020-01-13,male,Q111841458-D14EF9C6-8623-4F7D-91A5-EBC7ECA0ECFA
Q111841459,Amilcar José Hussein,Q504564,FRELIMO,,,2015-01-12,2020-01-13,male,Q111841459-7FE5AB9F-881D-44ED-B437-5D70F06A0359
Q111841460,Américo José Ubisse,Q1425821,RENAMO,,,2015-01-12,2020-01-13,male,Q111841460-82C71112-A04E-45C8-8DC1-BF5E7FB154BB
Q111841461,Américo Paulo Noé Muchanga,Q1425821,RENAMO,,,2015-01-12,2020-01-13,male,Q111841461-CEFC5B74-5CD4-4DFE-BE82-9C3DFD6D9537
Q111841462,Ana Antónia Henrique Dimitri,Q504564,FRELIMO,,,2015-01-12,2020-01-13,female,Q111841462-9C456D76-D8DD-47A1-9B6A-687899082BE4
Q111841463,Ana Paula Orta Cordeiro Manhique,Q504564,FRELIMO,,,2015-01-12,2020-01-13,female,Q111841463-4F1F685A-B09F-4E66-9F88-43639E807DA0
Q111841464,Ana Paula Victorino J. P. da Graça,Q504564,FRELIMO,,,2015-01-12,2020-01-13,female,Q111841464-F395F51B-F490-42F4-B4D0-B5D2B67A8520
Q111841465,Ana Rita Geremias Sithole,Q504564,FRELIMO,,,2015-01-12,2020-01-13,female,Q111841465-4D525377-FF3E-43DB-BA9F-9FD0269F3FBF
Q111841466,André Joaquim Magibire,Q1425821,RENAMO,,,2015-01-12,2020-01-13,male,Q111841466-D1558B73-56BE-4927-B5B7-A3225566DAEA
Q111841467,Antónia Rufino Cara-alegre Tembe,Q504564,FRELIMO,,,2015-01-12,2020-01-13,female,Q111841467-D6374D66-FB10-4AF6-BD2C-93E442C6513E
Q111841468,Antónia Simão Paulo Charre,Q504564,FRELIMO,,,2015-01-12,2020-01-13,female,Q111841468-8FF9580F-D47B-431D-9A95-BEF58A524FD4
Q111841469,António Augusto Eduardo Namburete,Q1425821,RENAMO,,,2015-01-12,2020-01-13,male,Q111841469-6F4BD1A8-4FDD-44D1-97BC-1DBF1A25F605
Q5643918,António Hama Thai,Q504564,FRELIMO,,,2015-01-12,2020-01-13,male,Q5643918-F6B4E6CD-8874-4634-8344-D506E5D3F676
Q111841470,António José Amélia,Q504564,FRELIMO,,,2015-01-12,2020-01-13,male,Q111841470-04CB5C3E-7C75-4A63-BFB9-5038AD1DC5A2
Q111841471,António Pedro Muchanga,Q1425821,RENAMO,,,2015-01-12,2020-01-13,male,Q111841471-FF51ADA7-1CF1-4007-9879-D5DEEEBC7B1E
Q111841472,António Rosário Niquice,Q504564,FRELIMO,,,2015-01-12,2020-01-13,male,Q111841472-BE841692-510D-4208-894E-19972D9EB105
Q111841473,António Severino Timba,Q1425821,RENAMO,,,2015-01-12,2020-01-13,male,Q111841473-C7DB2CBC-5639-4362-B880-18B0F317B3F9
Q111841474,António Valério Kantile,Q504564,FRELIMO,,,2015-01-12,2020-01-13,male,Q111841474-55B95FD5-F1C0-4AB8-B88C-095C6F8281CD
Q111841475,Armando Ramiro Artur,Q668181,Democratic Movement of Mozambique,,,2015-01-12,2020-01-13,male,Q111841475-EC87AAC2-43E2-4FDF-B9B2-1F3C10D50331
Q111841476,Atanásio Gomes Kulyaukila,Q504564,FRELIMO,,,2015-01-12,2020-01-13,male,Q111841476-86C2EE2B-8DDA-4B72-B0C1-7FCA5768FD37
Q111841477,Beatriz Mário Chaguala,Q504564,FRELIMO,,,2015-01-12,2020-01-13,female,Q111841477-45AE4BB6-7518-43BF-91E8-74BF95596EB8
Q111841478,Bernardino Benjamim Carneiro Cortez,Q1425821,RENAMO,,,2015-01-12,2020-01-13,male,Q111841478-D48778A5-A81D-425A-A6C1-8A70C87AFC59
Q111841479,Bonifácio João Nicassa,Q1425821,RENAMO,,,2015-01-12,2020-01-13,male,Q111841479-1E89317A-4F52-4CD3-B469-F3A6D7ED5DB8
Q111841480,Buanar Muhamede,Q504564,FRELIMO,,,2015-01-12,2020-01-13,male,Q111841480-1227A75B-8083-4567-ADC4-988583E0E55E
Q111841481,Caifadine Paulo Manasse,Q504564,FRELIMO,,,2015-01-12,2020-01-13,male,Q111841481-88629532-C7CF-493E-915C-F4049C7FCB4D
Q111841482,Carimo Freitas de Oliveira,Q504564,FRELIMO,,,2015-01-12,2020-01-13,male,Q111841482-EB75D0EA-81E6-4033-BD8B-BA2B6A3D1E5C
Q111841483,Carlos Manuel,Q1425821,RENAMO,,,2015-01-12,2020-01-13,male,Q111841483-C64A79C1-8FFF-4A82-B051-5571B53F1594
Q111841484,Carlos Manuel Simbi,Q1425821,RENAMO,,,2015-01-12,2020-01-13,male,Q111841484-A9F0459F-3A1B-4C9B-8F8C-22DAC8955F66
Q111841485,Carlos Moreira Vasco,Q504564,FRELIMO,,,2015-01-12,2020-01-13,male,Q111841485-9E5956C9-4F83-4505-B0E3-9E96E9BF9F5A
Q111841486,Carlos Samussone Maiela,Q1425821,RENAMO,,,2015-01-12,2020-01-13,male,Q111841486-6BA21B80-A363-4012-A328-38E36071A55C
Q111841487,Carlos Sebastião,Q504564,FRELIMO,,,2015-01-12,2020-01-13,male,Q111841487-92920FD3-2598-4256-A4C1-87E578FAC228
Q25428943,Carvalho Muária,Q504564,FRELIMO,,,2015-01-12,2020-01-13,male,Q25428943-3A98E5C4-8E41-40FD-ACA7-AC2C3E5285C6
Q111841488,Carvalho Pensando António,Q1425821,RENAMO,,,2015-01-12,2020-01-13,male,Q111841488-17602E79-E816-44C8-BBEE-4EDCAB45CCAF
Q111841489,Catarina Olinda Salomão Figueira,Q1425821,RENAMO,,,2015-01-12,2020-01-13,female,Q111841489-74620EA1-3AFD-47AC-962D-64A6871993E2
Q111841490,Celmira Irene Melo Xavier,Q504564,FRELIMO,,,2015-01-12,2020-01-13,female,Q111841490-63D87A26-9B6B-4B53-86C3-5E690EB639AC
Q111841491,Cemilde Amélia Muchanga,Q504564,FRELIMO,,,2015-01-12,2020-01-13,female,Q111841491-EDF68B43-8083-4118-804F-11D8774623F6
Q111841492,Chrispen Matches,Q504564,FRELIMO,,,2015-01-12,2020-01-13,male,Q111841492-0D814B05-054D-420A-838A-3AC9D5FFE10A
Q97120115,Cidália Manuel Chaúque Oliveira,Q504564,FRELIMO,,,2015-01-12,2020-01-13,female,Q97120115-CB4CA1B3-34AA-4608-B219-830FA2BA2168
Q111828621,Conceita Ernesto Xavier Sortane,Q504564,FRELIMO,,,2015-01-12,2020-01-13,female,Q111828621-F576809A-F7EA-48BC-B4FE-EFAE1A3B9DCC
Q111841493,Costa Francisco Chale,Q504564,FRELIMO,,,2015-01-12,2020-01-13,male,Q111841493-B8361045-54C3-4F64-ADC4-596165C50EE4
Q111841494,Damião José,Q504564,FRELIMO,,,2015-01-12,2020-01-13,male,Q111841494-7CDF2441-249A-45DB-A260-D879FC436C4C
Q111841495,Daniel João Matavele,Q504564,FRELIMO,,,2015-01-12,2020-01-13,male,Q111841495-F32D7632-9255-4950-9B66-0B4F1E76BABC
Q111841496,Danilo Aly Teixeira,Q504564,FRELIMO,,,2015-01-12,2020-01-13,male,Q111841496-F235E506-DE70-43AF-A7BB-D82E4B0C6809
Q111841497,David Jonas Moiana,Q1425821,RENAMO,,,2015-01-12,2020-01-13,male,Q111841497-56BD1BF3-FEAD-4CCA-BC34-EB3A8D570825
Q111841498,Deolinda Catarina João Chochoma,Q504564,FRELIMO,,,2015-01-12,2020-01-13,female,Q111841498-BE91AC46-5745-4232-A96F-75FAFCCDEC97
Q111841499,Dina Ali Américo,Q504564,FRELIMO,,,2015-01-12,2020-01-13,female,Q111841499-5F19BF60-380A-400D-95E1-E6810F343BDB
Q111841500,Domingos Cintura,Q504564,FRELIMO,,,2015-01-12,2020-01-13,male,Q111841500-50557C7B-9E74-4B44-931B-FB4AC25F1700
Q111841501,Domingos Gabriel Tavira,Q504564,FRELIMO,,,2015-01-12,2020-01-13,male,Q111841501-87038924-F3C8-4D95-A9E6-83C06B7FA7A9
Q111841502,Domingos Migina Assulai,Q1425821,RENAMO,,,2015-01-12,2020-01-13,male,Q111841502-77A3C9AD-E00D-4AD4-96B3-13255ADB161B
Q111841503,Edmundo Galiza Dimande Matos,Q504564,FRELIMO,,,2015-01-12,2020-01-13,male,Q111841503-F5AE598D-8363-48CB-8C57-FD982C347E49
Q111841504,Edson da Graça Francisco Macuacua,Q504564,FRELIMO,,,2015-01-12,2020-01-13,male,Q111841504-29E221F2-1DFE-4B61-878F-47844227F21A
Q5340644,Eduardo Joaquim Mulémbwè,Q504564,FRELIMO,,,2015-01-12,2020-01-13,male,Q5340644-AB800371-3A82-4A99-AEB5-0F1B62EE5BDD
Q111841505,Eduardo João Ladria,Q1425821,RENAMO,,,2015-01-12,2020-01-13,male,Q111841505-28B948CD-7F04-4E3D-ACB4-2C4D31E55F7E
Q111841506,Eduardo Silva Nihia,Q504564,FRELIMO,,,2015-01-12,2020-01-13,male,Q111841506-4B5EF7B9-0D6F-4FA7-A858-43214408ADEF
Q111841507,Elisa Amina Amisse Timóteo,Q504564,FRELIMO,,,2015-01-12,2020-01-13,female,Q111841507-48C3F8C6-B58E-41A6-8103-540BE41F8947
Q111841508,Elisa Maria Isabel Silvestre Cipriano,Q1425821,RENAMO,,,2015-01-12,2020-01-13,female,Q111841508-8BDD17F9-6AE0-4C1D-B322-36263AB87451
Q111841509,Elisa Rajamo,Q1425821,RENAMO,,,2015-01-12,2020-01-13,female,Q111841509-479F5484-A319-4771-9B8D-B92BBECC90AC
Q111841510,Emídio Benjamim Xavier,Q504564,FRELIMO,,,2015-01-12,2020-01-13,male,Q111841510-0B524A7F-ACFE-45C5-B12E-9C6F181AA6D1
Q111841511,Emília Alfredo Pereira,Q504564,FRELIMO,,,2015-01-12,2020-01-13,female,Q111841511-D17CD850-75E1-45FA-A606-2A965367A6F6
Q10272837,Eneas da Conceição Comiche,Q504564,FRELIMO,,,2015-01-12,2020-01-13,male,Q10272837-72A064E1-6BD2-413E-AE6F-D068BC55D3A3
Q111841512,Esmeralda Aurélio Mutemba,Q504564,FRELIMO,,,2015-01-12,2020-01-13,female,Q111841512-E64FE03B-FDF6-4709-8EC9-510B0B63AEAF
Q5398931,Esperança Bias,Q504564,FRELIMO,Q3889,Maputo,2015,,female,Q5398931-a36f5912-4113-97f1-1f37-83920128035d
Q111841513,Ester Epifánio Plaze,Q504564,FRELIMO,,,2015-01-12,2020-01-13,female,Q111841513-C53529FC-68C1-40A4-8120-048F05D7B72D
Q111841514,Eulália Lourenço Oliveira,Q1425821,RENAMO,,,2015-01-12,2020-01-13,female,Q111841514-30310A5F-2B83-47A4-9D8B-5A11EC6A234B
Q111841515,Eva José Mangaze,Q504564,FRELIMO,,,2015-01-12,2020-01-13,female,Q111841515-574A0313-FE73-4123-A6F2-1AB865092248
Q111841516,Eva Teixeira Caetano Dias,Q1425821,RENAMO,,,2015-01-12,2020-01-13,female,Q111841516-F8C02648-862B-4739-A603-254A56C6A42D
Q111841517,Evaristo Tatano Sixpence,Q1425821,RENAMO,,,2015-01-12,2020-01-13,male,Q111841517-B166FA12-5A97-4B5E-AD26-E8D1C8D23699
Q111841518,Ezequiel João Aramane,Q668181,Democratic Movement of Mozambique,,,2015-01-12,2020-01-13,male,Q111841518-822344F2-B172-49A5-A47E-4CB391613E16
Q111841519,Faruk Osman,Q504564,FRELIMO,,,2015-01-12,2020-01-13,male,Q111841519-4F7D4CF1-8BEB-43B5-8AD6-2E77726F9B31
Q111841520,Felizarda Clara de Castro,Q1425821,RENAMO,,,2015-01-12,2020-01-13,female,Q111841520-267B4E88-CE8D-44B4-81F9-E87D9B8AD69C
Q111841521,Fernando Amelane,Q1425821,RENAMO,,,2015-01-12,2020-01-13,male,Q111841521-EFACC469-35F5-4349-9EB9-75C10177AAAB
Q111841522,Fernando Bismarque Ali,Q668181,Democratic Movement of Mozambique,,,2015-01-12,2020-01-13,male,Q111841522-933A63FD-D154-40DB-8E49-637402055553
Q111841523,Fernando Jossias Matouassanga,Q1425821,RENAMO,,,2015-01-12,2020-01-13,male,Q111841523-749C3109-9176-4B61-B6E8-B240D6F1AC0F
Q111841524,Fernando José Namacua,Q504564,FRELIMO,,,2015-01-12,2020-01-13,male,Q111841524-5D8390A3-6AAD-41BA-9302-59F28721DA75
Q111841525,Fernando Mendes João Lavieque,Q1425821,RENAMO,,,2015-01-12,2020-01-13,male,Q111841525-41E19146-881A-494C-B19B-09E3DEA68766
Q111841526,Filipe Carlos Domingos,Q1425821,RENAMO,,,2015-01-12,2020-01-13,male,Q111841526-CCDB45E2-EF82-4D0D-ACAA-A4F97D9C1EC5
Q111841527,Filipe Chimoio Paunde,Q504564,FRELIMO,,,2015-01-12,2020-01-13,male,Q111841527-EABFE288-1061-46DD-A7CD-156B2E61A37D
Q111841528,Filipe Jaime,Q504564,FRELIMO,,,2015-01-12,2020-01-13,male,Q111841528-5903E3B1-56FA-4C00-9AF1-7335BCE92A6D
Q111841529,Filomena Nachaque,Q504564,FRELIMO,,,2015-01-12,2020-01-13,female,Q111841529-2C728406-4C94-4DE9-8110-A009B35B6324
Q111841530,Flora Bela das Neves Caetano,Q504564,FRELIMO,,,2015-01-12,2020-01-13,female,Q111841530-A034236A-0AC8-4933-B363-2F208A87A77A
Q97148662,Francisca Domingos Tomás,Q504564,FRELIMO,,,2015-01-12,2020-01-13,female,Q97148662-27EF1E47-5474-40B3-9A8A-333BEB64341D
Q111841531,Francisca Sabão Domingos,Q1425821,RENAMO,,,2015-01-12,2020-01-13,female,Q111841531-0970B87A-ACFB-453C-B06C-1F4C1AE04EC4
Q111841532,Francisco Filipe M. V. Mboya Campira,Q1425821,RENAMO,,,2015-01-12,2020-01-13,male,Q111841532-7ED0FE20-EC9E-45DA-9E98-214C27BA9061
Q111841533,Francisco Maingue,Q1425821,RENAMO,,,2015-01-12,2020-01-13,male,Q111841533-F876464B-272F-4624-995D-3A4D2E5623BE
Q111841534,Francisco Ussene Mucanheia,Q504564,FRELIMO,,,2015-01-12,2020-01-13,male,Q111841534-07D8D555-A560-4473-B383-1A1FAC11F0F8
Q111841535,Freitas Joaquim Emílio Tiquila,Q1425821,RENAMO,,,2015-01-12,2020-01-13,male,Q111841535-71D8815E-556D-41C4-8E7A-73BC118E485D
Q111841536,Félix Assomate Quembo,Q1425821,RENAMO,,,2015-01-12,2020-01-13,male,Q111841536-91EF7F1C-F260-4679-877E-1C373EA50FE6
Q111841537,Gania Aly Abdula Mussagy,Q1425821,RENAMO,,,2015-01-12,2020-01-13,female,Q111841537-CEC1B4A8-678E-4E43-8D3B-AB728472BA95
Q111841538,Geraldo Alexandre Carvalho,Q668181,Democratic Movement of Mozambique,,,2015-01-12,2020-01-13,male,Q111841538-24B32893-0696-420D-B4BF-D82696C823A1
Q111841539,Gildo Fortunato Elias Muaga,Q504564,FRELIMO,,,2015-01-12,2020-01-13,male,Q111841539-8490173A-7651-4FC5-80E9-51A71B5D8E27
Q111841541,Glória Salvador,Q1425821,RENAMO,,,2015-01-12,2020-01-13,female,Q111841541-4D695684-FE04-48D7-8BD9-0993742CC506
Q111841542,Gonçalves Maceda,Q504564,FRELIMO,,,2015-01-12,2020-01-13,male,Q111841542-D31FAE7C-080F-4BB8-B98C-8B42FDF579C0
Q111841544,Helena Jacinto Música,Q504564,FRELIMO,,,2015-01-12,2020-01-13,female,Q111841544-FC81A98C-21C4-4127-A7DD-5B432006C06B
Q111841543,Helena da Glória Muando,Q504564,FRELIMO,,,2015-01-12,2020-01-13,female,Q111841543-CBDC6D41-3B49-4545-9505-C51DECBCE30B
Q111841545,Hermenegildo Mateus Infante,Q504564,FRELIMO,,,2015-01-12,2020-01-13,male,Q111841545-561275C4-6374-4628-9F88-47BB1F63095C
Q111841546,Hermenegildo Santana Chimarizene,Q504564,FRELIMO,,,2015-01-12,2020-01-13,male,Q111841546-F06F54B6-C49B-4C78-8070-CD93C70563FE
Q111841547,Hilário Uaite,Q1425821,RENAMO,,,2015-01-12,2020-01-13,male,Q111841547-AFAE4F7C-017B-4EC6-9492-A96252B20D2F
Q111841548,Hélder Ernesto Injojo,Q504564,FRELIMO,,,2015-01-12,2020-01-13,male,Q111841548-E58EA07D-792F-4945-88F4-95B4D29D6E04
Q111841549,Irene Joaquim,Q1425821,RENAMO,,,2015-01-12,2020-01-13,female,Q111841549-A0DB196A-C8B1-427E-87C1-27377FC631FC
Q111841550,Isac Lucas Mandava,Q1425821,RENAMO,,,2015-01-12,2020-01-13,male,Q111841550-3F5E12A9-C250-4BD8-962C-880A8F60505D
Q111841551,Isaura António Júlio,Q504564,FRELIMO,,,2015-01-12,2020-01-13,female,Q111841551-7036AB21-51DD-4DB7-8D7D-A0A5408DCDA5
Q111841552,Isaura da Uaitura Albino,Q504564,FRELIMO,,,2015-01-12,2020-01-13,female,Q111841552-88184374-5378-4BD1-889F-87D94735996E
Q111841553,Isequiel Molde Gusse,Q1425821,RENAMO,,,2015-01-12,2020-01-13,male,Q111841553-6489B953-9A92-4A25-BA14-B86580D1C272
Q111841554,Isidora da Esperança Faztudo,Q504564,FRELIMO,,,2015-01-12,2020-01-13,female,Q111841554-65175EEA-6D90-41B8-BFDB-2D81648C5373
Q111841555,Ivan Amaral Chinganhane Mazanga,Q1425821,RENAMO,,,2015-01-12,2020-01-13,male,Q111841555-D695457D-69EC-4D00-B46C-72C0346CD732
Q19613993,Ivone Soares,Q1425821,RENAMO,Q622803,Zambezia Province,2009,,female,Q19613993-f42a91dd-4ac1-c7d2-329a-1b0b61c9645f
Q111841556,Jacinto Gabriel Lourenço Inácio Capito,Q504564,FRELIMO,,,2015-01-12,2020-01-13,male,Q111841556-45ED73CD-7C6D-4DDD-BF57-5DCB4CB53D99
Q111841557,Jaime Bessa Augusto Neto,Q504564,FRELIMO,,,2015-01-12,2020-01-13,male,Q111841557-D38134B8-DA4A-4F02-8F45-FCDEB7007C45
Q111841558,Janete Nelsone Tenene,Q1425821,RENAMO,,,2015-01-12,2020-01-13,female,Q111841558-ADDED5AA-7B7C-4E86-951E-7F2C9639CA83
Q111841559,Jemusse Amido Lada,Q504564,FRELIMO,,,2015-01-12,2020-01-13,male,Q111841559-ECFE1E4C-108B-409A-ADEE-ABE0B9E025E4
Q111841560,Jerónima Agostinho,Q504564,FRELIMO,,,2015-01-12,2020-01-13,female,Q111841560-37648BE3-6BE4-449D-9A9E-66996C2C058D
Q111841561,Jerónimo Malagueta Nalia,Q1425821,RENAMO,,,2015-01-12,2020-01-13,male,Q111841561-C78AAED3-7AE4-499F-A494-7F7C53BB8AC1
Q111841562,Joana Anacleto Vasco,Q504564,FRELIMO,,,2015-01-12,2020-01-13,female,Q111841562-3F64F6A2-7144-4848-AAD2-19417A08E321
Q111841563,Joana Muchanga Mondlana,Q504564,FRELIMO,,,2015-01-12,2020-01-13,female,Q111841563-30DD03CE-14D5-4DB7-AB24-8E6A9E5F3051
Q111841564,Joana Simão,Q504564,FRELIMO,,,2015-01-12,2020-01-13,female,Q111841564-88A97AA2-B033-4A9C-B178-F0C95BA9B44C
Q111841565,Joaquim Greva,Q1425821,RENAMO,,,2015-01-12,2020-01-13,male,Q111841565-07B186B2-AF6E-49F2-998C-C2D9DB7E371B
Q97285065,Joaquim Veríssimo,Q504564,FRELIMO,,,2015-01-12,2020-01-13,male,Q97285065-7E69FF4A-23D0-46E2-B3C7-115E1542469A
Q111841566,José Bento Coffe Mutsanhe,Q504564,FRELIMO,,,2015-01-12,2020-01-13,male,Q111841566-1011EC89-0A01-4298-B7F8-A43817A4893F
Q111841567,José Candugua António Pacheco,Q504564,FRELIMO,,,2015-01-12,2020-01-13,male,Q111841567-5E4D0218-462F-4B9F-84E5-B07EA8C1241A
Q111841568,José Carlos Cruz,Q1425821,RENAMO,,,2015-01-12,2020-01-13,male,Q111841568-21220D4C-3D90-4D55-8033-A7C426A192E3
Q111841569,José Henrique Lopes,Q1425821,RENAMO,,,2015-01-12,2020-01-13,male,Q111841569-BFA33DCF-991D-4A17-A431-AC7E1EF6D824
Q111841571,José Horácio Lourenço Lobo,Q668181,Democratic Movement of Mozambique,,,2015-01-12,2020-01-13,male,Q111841571-E1102C1B-79E5-49FF-915D-FF6E1C1B2208
Q6292303,José Manteigas Gabriel,Q1425821,RENAMO,,,2015-01-12,2020-01-13,male,Q6292303-1D695606-7C29-4FD7-BAC5-19F67C296422
Q111841573,José Manuel Samo Gudo,Q1425821,RENAMO,,,2015-01-12,2020-01-13,male,Q111841573-2749A689-1477-48B3-A25C-0DF34F5C77FB
Q111841572,José Manuel de Sousa,Q668181,Democratic Movement of Mozambique,,,2015-01-12,2020-01-13,male,Q111841572-6842CED7-AFDB-44F8-9CFE-53D91A1BFB62
Q111841574,José Mateus Muária Katupha,Q504564,FRELIMO,,,2015-01-12,2020-01-13,male,Q111841574-2AE9FADC-EE4D-4033-8916-990DD193BB55
Q111841588,José Nicolau,Q1425821,RENAMO,,,2015-01-12,2020-01-13,male,Q111841588-D407EC72-496D-42EA-91E0-4FF7D89B70C7
Q111841589,José Tsingano Camanula,Q1425821,RENAMO,,,2015-01-12,2020-01-13,male,Q111841589-32E6D2F1-933B-4926-B7FD-419EEA302FF6
Q111841590,Jovial Setina Mutombene M. da Cruz,Q504564,FRELIMO,,,2015-01-12,2020-01-13,male,Q111841590-6D32EC68-CCD3-44B8-A040-6E0D6A0351BC
Q111841591,João Paulo Pereira de Albuquerque,Q1425821,RENAMO,,,2015-01-12,2020-01-13,male,Q111841591-6F80071F-3831-4608-8268-A93B96E89672
Q111841592,Juliana Vitória Picardo,Q1425821,RENAMO,,,2015-01-12,2020-01-13,female,Q111841592-3B48F916-413F-45F3-A8CB-D5AF68138A83
Q111841593,Julieta António,Q504564,FRELIMO,,,2015-01-12,2020-01-13,female,Q111841593-EAE3349F-8CBA-479B-B5B2-0A61AA340AC2
Q111841594,Justina Sambil,Q504564,FRELIMO,,,2015-01-12,2020-01-13,female,Q111841594-A7BE1CD9-B7E9-4980-A503-E1AFD482B5A3
Q111841595,Justino Paulo Langa,Q504564,FRELIMO,,,2015-01-12,2020-01-13,male,Q111841595-71963FB9-A6BD-4CB9-A393-E28E5155EBD0
Q111841597,Lassimo Ossifo,Q668181,Democratic Movement of Mozambique,,,2015-01-12,2020-01-13,male,Q111841597-2306CB63-8B64-4A5A-B0B2-8D399FA46A30
Q111841598,Latifo Ismael Xarifo,Q1425821,RENAMO,,,2015-01-12,2020-01-13,male,Q111841598-9B4CD4E9-3544-47E9-8447-13459D9C348A
Q111841600,Laura Fernanda Souto,Q504564,FRELIMO,,,2015-01-12,2020-01-13,female,Q111841600-2B99DF0C-9BD0-46D4-B6A5-D9E984F2EC57
Q111841601,Laura Maria de Jesus Amadeu,Q504564,FRELIMO,,,2015-01-12,2020-01-13,female,Q111841601-4E620977-00FE-491D-B08B-BE5CF643C9FA
Q111841602,Laurinda Silva Pedro António Cheia,Q668181,Democratic Movement of Mozambique,,,2015-01-12,2020-01-13,female,Q111841602-D40FA754-4AC4-4AA0-ADD4-3016A116CD66
Q111841603,Leopoldo Alfredo Ernesto,Q1425821,RENAMO,,,2015-01-12,2020-01-13,male,Q111841603-CF988A61-CCB6-47B3-A0C5-ABBA1E41240C
Q111841604,Lina Francisco Fafetine Ofiço,Q504564,FRELIMO,,,2015-01-12,2020-01-13,female,Q111841604-7450C016-22FE-4656-B4FD-0450CE6BF599
Q111841606,Lourenço César Sufria,Q504564,FRELIMO,,,2015-01-12,2020-01-13,male,Q111841606-D26F5547-A079-4D7C-8971-827772C7BC12
Q111841607,Lucinda Bela das Dores Impitule Malema,Q504564,FRELIMO,,,2015-01-12,2020-01-13,female,Q111841607-605171E6-17D6-4794-94EA-AE83F163D1CE
Q111841608,Lucília José Manuel Nota Hama,Q504564,FRELIMO,,,2015-01-12,2020-01-13,female,Q111841608-E4F0D26D-3A20-4BF3-9B9E-3A1A04D000E3
Q111841609,Lutero Chimbirombiro Simango,Q668181,Democratic Movement of Mozambique,,,2015-01-12,2020-01-13,male,Q111841609-BC716233-7549-425C-9CD2-6202D9CA9159
Q111841610,Lutsé Esperança Mirione Rumeia,Q504564,FRELIMO,,,2015-01-12,2020-01-13,female,Q111841610-2A19923F-4E09-498D-8551-EA532B593120
Q111841611,Lúcia Pedro Mafuaine,Q504564,FRELIMO,,,2015-01-12,2020-01-13,female,Q111841611-69C364ED-84E0-4E93-A8C8-800C6D978700
Q111841612,Lúcia Xavier Afate,Q1425821,RENAMO,,,2015-01-12,2020-01-13,female,Q111841612-73D5416C-A344-4E5B-B1A8-BFA793592AC7
Q88473923,Manuel Chang,Q504564,FRELIMO,,,2015-01-12,2020-01-13,male,Q88473923-E632A6F3-68AB-4F5F-BD9E-D4F8F8CEDEA8
Q111841613,Manuel Vasconcelos E. Manuel Maria,Q504564,FRELIMO,,,2015-01-12,2020-01-13,male,Q111841613-78F20D9D-0D06-46DC-A7E2-A23820137B6F
Q111841614,Manuel Zeca Bissopo,Q1425821,RENAMO,,,2015-01-12,2020-01-13,male,Q111841614-E45F64C2-ABF0-493A-80F0-961AE079D43F
Q109950528,Margarida Adamugy Talapa,Q504564,FRELIMO,,,2015-01-12,2020-01-13,female,Q109950528-CBE807B3-201E-4CC3-9D78-D40E17B0FD71
Q111841615,Margarida Manuel Salimo,Q504564,FRELIMO,,,2015-01-12,2020-01-13,female,Q111841615-10C08FA4-5E9B-43D5-A99E-446C3CB18447
Q111841616,Margarida Sebastião Mapandzene Chongo,Q504564,FRELIMO,,,2015-01-12,2020-01-13,female,Q111841616-A139692E-6CE1-4379-A7B7-D6BE0A4AFFA0
Q111841617,Margarido Salvador Abrantes,Q1425821,RENAMO,,,2015-01-12,2020-01-13,male,Q111841617-016A83B2-3C66-4B44-8760-5B631A8F9DB9
Q111841618,Maria Anastácia da Costa Xavier,Q1425821,RENAMO,,,2015-01-12,2020-01-13,female,Q111841618-F57443E9-8099-4CB9-826D-59C0C5579AE7
Q6760997,Maria Angelina Dique Enoque,Q1425821,RENAMO,Q622792,Manica Province,1994,,female,Q6760997-74241541-483a-f3a4-bd19-50e61d5e3520
Q111841619,Maria Bachir,Q504564,FRELIMO,,,2015-01-12,2020-01-13,female,Q111841619-44652832-39AB-441C-AA4C-5DA31AD98693
Q111841620,Maria Helena,Q504564,FRELIMO,,,2015-01-12,2020-01-13,female,Q111841620-A3AA9F5A-EFC7-484F-B28A-21952D29F138
Q111841621,Maria Inês Martins,Q1425821,RENAMO,,,2015-01-12,2020-01-13,female,Q111841621-98F76B2A-D83D-49F9-B95D-E4EAB7D07FD4
Q111841622,Maria Marta Mateus Fernando,Q504564,FRELIMO,,,2015-01-12,2020-01-13,female,Q111841622-A1C58E7F-777A-4B7E-A834-3208D880019F
Q111841623,Mariana Caisse,Q1425821,RENAMO,,,2015-01-12,2020-01-13,male,Q111841623-8D61CC5E-D742-43D0-AF9C-68797CB29FA6
Q111841624,Marquita Alexandre Loforte Jaime,Q504564,FRELIMO,,,2015-01-12,2020-01-13,female,Q111841624-CDFC6D12-7313-4EFE-A7DD-74A4E668A71E
Q111841625,Martinha Januário Benfica,Q504564,FRELIMO,,,2015-01-12,2020-01-13,female,Q111841625-25AAE7C9-A206-4C29-ADDB-4888E6EC8DA1
Q111841627,Matias José Matias Nhongue,Q504564,FRELIMO,,,2015-01-12,2020-01-13,male,Q111841627-D8339259-DDCE-4CB0-A2E1-8C2C99B349EF
Q111841628,Miguel Anlawe Musssa,Q504564,FRELIMO,,,2015-01-12,2020-01-13,male,Q111841628-16F2C8FD-9327-4133-AC09-BE156B5A9D41
Q111841629,Miguel Celestino Mpamba,Q504564,FRELIMO,,,2015-01-12,2020-01-13,male,Q111841629-8AE55B0D-6984-4F1B-BEA1-EFB0CCABA0B1
Q111841630,Mohamad da Costa Ali Yassine,Q1425821,RENAMO,,,2015-01-12,2020-01-13,male,Q111841630-0007E169-E0D6-48F6-AB89-4C22160B3025
Q111841631,Muhamad Bacir Abdul Remane,Q1425821,RENAMO,,,2015-01-12,2020-01-13,male,Q111841631-B32EF2C2-CB6F-477B-85C2-CA032489FD84
Q111841632,Muhamedrachid Sulemane,Q668181,Democratic Movement of Mozambique,,,2015-01-12,2020-01-13,male,Q111841632-0807E88D-8566-4FE9-B482-DDAF5F126BB6
Q111841633,Mustagibo Atimo Bachir,Q1425821,RENAMO,,,2015-01-12,2020-01-13,male,Q111841633-C0B04DB7-B210-4910-BF0F-AE7EFC92E740
Q111841634,Mário Ali,Q1425821,RENAMO,,,2015-01-12,2020-01-13,male,Q111841634-1695336B-E5EC-429E-A8D2-BDD8DA516037
Q111841635,Mário Franque,Q1425821,RENAMO,,,2015-01-12,2020-01-13,male,Q111841635-A94001B6-2BA7-4F96-AEA6-36168730EB7B
Q111841636,Nilza Henguissere Narciso,Q504564,FRELIMO,,,2015-01-12,2020-01-13,female,Q111841636-D535C149-7EBE-4D65-98AD-25EC57A2477C
Q27220074,Nyeleti Brooke Mondlane,Q504564,FRELIMO,,,2015-01-12,2020-01-13,female,Q27220074-6E8EDF14-5D09-4906-846F-05210D6B9E04
Q111841637,Odete Isaias Motiça,Q1425821,RENAMO,,,2015-01-12,2020-01-13,female,Q111841637-FAF22A27-06E9-417E-ACB5-42CA69D7A72D
Q111841638,Ofélia Timóteo Mutombene,Q504564,FRELIMO,,,2015-01-12,2020-01-13,female,Q111841638-D5A2B36E-BF9A-48AE-B96C-D7E3ADBB3847
Q111841639,Olinda Francisco Langa Mith,Q504564,FRELIMO,,,2015-01-12,2020-01-13,female,Q111841639-98EC68C7-E25C-48C3-B32B-A121F23570EC
Q111841640,Olinda Navais,Q668181,Democratic Movement of Mozambique,,,2015-01-12,2020-01-13,female,Q111841640-E5B7A12B-5B7E-4EDB-9305-7EE846F9D35D
Q55106039,Osfo Momad,Q1425821,RENAMO,Q622794,Nampula Province,1999,2018,male,Q55106039-4EA02F58-9C98-4822-AD37-4C337B7336D5
Q111841641,Patrício M´pagai,Q504564,FRELIMO,,,2015-01-12,2020-01-13,male,Q111841641-CF963731-24B6-4362-9117-99D53BC200CD
Q111841643,Paulo Vahanle,Q1425821,RENAMO,,,2015-01-12,2020-01-13,male,Q111841643-E40EAEF7-C6C4-497D-95BE-3695C43C7E6C
Q111841644,Pedro Frederico Cossa,Q504564,FRELIMO,,,2015-01-12,2020-01-13,male,Q111841644-54C23F14-9840-4A49-821B-2D4951C1D2CE
Q111841645,Pedro Tesoura Chichova,Q1425821,RENAMO,,,2015-01-12,2020-01-13,male,Q111841645-53B081A5-BC15-4929-9FD4-A7D3787C9B93
Q111841646,Rachade Carvalho,Q668181,Democratic Movement of Mozambique,,,2015-01-12,2020-01-13,male,Q111841646-F9AFB6A2-04BD-4C10-9975-365F2084446F
Q111841647,Rafael António de Sousa Gusmão,Q1425821,RENAMO,,,2015-01-12,2020-01-13,male,Q111841647-14134392-6060-4920-9596-6914F256FCEF
Q111841649,Rafael Lourenço Chande,Q504564,FRELIMO,,,2015-01-12,2020-01-13,male,Q111841649-2AB4326E-E1F7-4C1D-B74D-14E71F985CC3
Q111841650,Raimundo Pitágoras Lauma,Q668181,Democratic Movement of Mozambique,,,2015-01-12,2020-01-13,male,Q111841650-006B7996-086C-466A-BD6B-D0B2BCAB7982
Q111841651,Ramulata Mahumudo Irache,Q504564,FRELIMO,,,2015-01-12,2020-01-13,female,Q111841651-FF109DAB-084B-446B-A623-A1100EACFB0A
Q111841652,Regina Macuacua Muchanga,Q504564,FRELIMO,,,2015-01-12,2020-01-13,female,Q111841652-7DA346A2-C72E-4A6E-A1EC-06AB1583E815
Q111841653,Ricardina Suia Albano Mazive,Q504564,FRELIMO,,,2015-01-12,2020-01-13,female,Q111841653-2F249EB2-E3B7-4F9B-9BBC-3C65B377D366
Q111841654,Ricardo Frederico Francisco Tomás,Q668181,Democratic Movement of Mozambique,,,2015-01-12,2020-01-13,male,Q111841654-F9277548-A985-44E3-848F-F09201B07F7A
Q97036050,Rosário Mualeia,Q504564,FRELIMO,,,2015-01-12,2020-01-13,male,Q97036050-7C1242B8-EF50-4A1B-8244-1BFEA146DA1A
Q111841655,Rui Sixpence Gonzane,Q504564,FRELIMO,,,2015-01-12,2020-01-13,male,Q111841655-847205FD-E7D6-421D-AC59-2B033BD8B3C8
Q111841656,Saimone Muhambi Macuaina,Q1425821,RENAMO,,,2015-01-12,2020-01-13,male,Q111841656-0A43FCCD-AD21-48B5-9D5C-D941CCBC6B0E
Q111841657,Sande Casitigo Carmona,Q668181,Democratic Movement of Mozambique,,,2015-01-12,2020-01-13,male,Q111841657-E5825B10-2472-4930-80C2-4BD0CCD66DA2
Q111841658,Sandura Vasco Ambrósio,Q1425821,RENAMO,,,2015-01-12,2020-01-13,female,Q111841658-F25BCC25-50BA-48E3-B8E5-3461E4B65178
Q111841659,Sara Mamudo Abdula Vassanegy,Q504564,FRELIMO,,,2015-01-12,2020-01-13,female,Q111841659-F40E1912-7BA3-4224-BB17-371D21A3BB6A
Q111841660,Sebastião da Costa Sebastião,Q1425821,RENAMO,,,2015-01-12,2020-01-13,male,Q111841660-AF8C65E0-ED1D-4963-9393-C2DA84D030FB
Q111841661,Severiano Romão Khoy,Q504564,FRELIMO,,,2015-01-12,2020-01-13,male,Q111841661-3D330579-7ACB-4103-A703-AFD5DE58A385
Q111841662,Severina Tiago Banze,Q504564,FRELIMO,,,2015-01-12,2020-01-13,female,Q111841662-BB6F82C0-C471-44FE-BB02-1F7268E43B58
Q111841663,Silvério Eugénio Samuel,Q668181,Democratic Movement of Mozambique,,,2015-01-12,2020-01-13,male,Q111841663-4B5B1677-2FC6-46BD-B409-9900604CCD4B
Q111841664,Simão Bute,Q1425821,RENAMO,,,2015-01-12,2020-01-13,male,Q111841664-0AA9528F-5642-4B27-B785-F454F81EF277
Q111841665,Simões Paulo Mário,Q1425821,RENAMO,,,2015-01-12,2020-01-13,male,Q111841665-98DEAC75-9731-4AF0-9D60-0FEBD63360A9
Q111841666,Sofrimento Funai Matequenha,Q1425821,RENAMO,,,2015-01-12,2020-01-13,male,Q111841666-F76C97AA-8D3C-4293-B9D8-2CE80A9AD8F0
Q111841667,Sérgio José Camunga Pantie,Q504564,FRELIMO,,,2015-01-12,2020-01-13,male,Q111841667-613DA095-C232-4F2D-B8A8-4566C3E8CB7D
Q111841668,Sónia Maria Vasco Mepameia,Q504564,FRELIMO,,,2015-01-12,2020-01-13,female,Q111841668-0CC986F4-B567-4258-BB5C-01D49DD27746
Q111841670,Telmina Manuel Paixão Pinho Pereira,Q504564,FRELIMO,,,2015-01-12,2020-01-13,female,Q111841670-A7C92AFB-0FFB-40DF-A0AA-53A3C447F85F
Q111841671,Valdemiro de G. Pascoal Nhancengo,Q504564,FRELIMO,,,2015-01-12,2020-01-13,male,Q111841671-9D60C537-8D07-47E7-BADD-B181CA0533FC
Q111841672,Valentina Justa Puchar Mtumuke,Q504564,FRELIMO,,,2015-01-12,2020-01-13,female,Q111841672-0975D35D-BADD-4BEA-816C-6204777C13ED
Q111841673,Valéria José Mitilela,Q504564,FRELIMO,,,2015-01-12,2020-01-13,female,Q111841673-8DC0DF53-AAC7-43D4-9336-0BBDEE4961D1
Q111841674,Vasco Manuel,Q1425821,RENAMO,,,2015-01-12,2020-01-13,male,Q111841674-E832A3BE-4189-43B7-8C12-09258617E617
Q111841675,Venâncio António Bila Mondlane,Q668181,Democratic Movement of Mozambique,,,2015-01-12,2020-01-13,male,Q111841675-6580D07C-511F-4D09-893A-BF8EDF6A4C8E
Q111841676,Vergonha Abudo,Q1425821,RENAMO,,,2015-01-12,2020-01-13,male,Q111841676-77C31300-6F47-43B5-A58F-5B6951AAFBD0
Q6722501,Verónica Macamo,Q504564,FRELIMO,Q379658,Maputo Province,1994,,female,Q6722501-d251409d-4709-81a8-f491-ed331c9dda05
Q111841677,Viana da Silva Magalhães,Q1425821,RENAMO,,,2015-01-12,2020-01-13,male,Q111841677-8A4740EF-5E28-496D-A839-459379B7BCF1
Q111841678,Victor Viandro Mudivila,Q1425821,RENAMO,,,2015-01-12,2020-01-13,male,Q111841678-DF3B19AE-A832-469E-AE4E-D313D50CC1AE
Q111841679,Victória Dias Diogo,Q504564,FRELIMO,,,2015-01-12,2020-01-13,female,Q111841679-30956D81-0936-4660-BC21-C4176EC721E8
Q111841680,Virgínia Oreste Kwavateka Gondola,Q504564,FRELIMO,,,2015-01-12,2020-01-13,female,Q111841680-2372B801-3387-4452-81CA-3778A7D0C8DF
Q111841681,Yonusse Amad,Q1425821,RENAMO,,,2015-01-12,2020-01-13,male,Q111841681-CAB34F49-7C65-4548-901C-02F0AEE5716C
Q111841682,Zezinho Ricardo José,Q504564,FRELIMO,,,2015-01-12,2020-01-13,male,Q111841682-FB4DB944-9159-453B-9E29-7E5E47AE93FC
Q111841683,Ássia Paulo Cipriano Abudo Ali,Q504564,FRELIMO,,,2015-01-12,2020-01-13,female,Q111841683-E8EF1620-EDE0-4695-A666-E58C9D657BCB
